{
  "Premier League": {
    "arsenal": "Arsenal",
    "aston villa": "Aston Villa",
    "bournemouth": "Bournemouth",
    "brentford": "Brentford",
    "brighton": "Brighton",
    "brighton & hove albion": "Brighton",
    "burnley": "Burnley",
    "chelsea": "Chelsea",
    "crystal palace": "Crystal Palace",
    "everton": "Everton",
    "fulham": "Fulham",
    "liverpool": "Liverpool",
    "manchester city": "Manchester City",
    "man utd": "Manchester United",
    "man united": "Manchester United",
    "manchester united": "Manchester United",
    "newcastle": "Newcastle United",
    "newcastle united": "Newcastle United",
    "nottingham forest": "Nottingham Forest",
    "sheffield united": "Sheffield United",
    "spurs": "Tottenham",
    "tottenham": "Tottenham",
    "west ham": "West Ham",
    "wolves": "Wolverhampton",
    "wolverhampton": "Wolverhampton",
    "wolverhampton wanderers": "Wolverhampton"
  },
  "La Liga": {
    "alaves": "Alaves",
    "almeria": "Almeria",
    "athletic bilbao": "Athletic Bilbao",
    "athletic club": "Athletic Bilbao",
    "atleti": "Atletico Madrid",
    "atletico madrid": "Atletico Madrid",
    "barcelona": "Barcelona",
    "cadiz": "Cadiz",
    "celta vigo": "Celta Vigo",
    "getafe": "Getafe",
    "girona": "Girona",
    "granada": "Granada",
    "las palmas": "Las Palmas",
    "mallorca": "Mallorca",
    "osasuna": "Osasuna",
    "rayo vallecano": "Rayo Vallecano",
    "real betis": "Real Betis",
    "real madrid": "Real Madrid",
    "real sociedad": "Real Sociedad",
    "sevilla": "Sevilla",
    "valencia": "Valencia",
    "villarreal": "Villarreal"
  },
  "Bundesliga": {
    "augsburg": "Augsburg",
    "bayer leverkusen": "Bayer Leverkusen",
    "bayern": "Bayern Munich",
    "bayern munich": "Bayern Munich",
    "bochum": "Bochum",
    "borussia dortmund": "Borussia Dortmund",
    "borussia m.gladbach": "Borussia Monchengladbach",
    "borussia m'gladbach": "Borussia Monchengladbach",
    "borussia monchengladbach": "Borussia Monchengladbach",
    "darmstadt": "Darmstadt",
    "eintracht frankfurt": "Eintracht Frankfurt",
    "fc cologne": "FC Koln",
    "fc köln": "FC Koln",
    "fc koln": "FC Koln",
    "freiburg": "Freiburg",
    "heidenheim": "Heidenheim",
    "hoffenheim": "Hoffenheim",
    "mainz": "Mainz",
    "rasenballsport leipzig": "RB Leipzig",
    "rb leipzig": "RB Leipzig",
    "stuttgart": "Stuttgart",
    "union berlin": "Union Berlin",
    "werder bremen": "Werder Bremen",
    "wolfsburg": "Wolfsburg"
  },
  "Serie A": {
    "atalanta": "Atalanta",
    "bologna": "Bologna",
    "cagliari": "Cagliari",
    "como": "Como",
    "empoli": "Empoli",
    "fiorentina": "Fiorentina",
    "genoa": "Genoa",
    "inter": "Inter",
    "inter milan": "Inter",
    "internazionale": "Inter",
    "juve": "Juventus",
    "juventus": "Juventus",
    "lazio": "Lazio",
    "lecce": "Lecce",
    "ac milan": "AC Milan",
    "milan": "AC Milan",
    "monza": "Monza",
    "napoli": "Napoli",
    "parma": "Parma",
    "roma": "Roma",
    "torino": "Torino",
    "udinese": "Udinese",
    "venezia": "Venezia",
    "verona": "Verona"
  },
  "Ligue 1": {
    "angers": "Angers",
    "auxerre": "Auxerre",
    "brest": "Brest",
    "le havre": "Le Havre",
    "lens": "Lens",
    "lille": "Lille",
    "lorient": "Lorient",
    "lyon": "Lyon",
    "marseille": "Marseille",
    "monaco": "Monaco",
    "montpellier": "Montpellier",
    "nantes": "Nantes",
    "nice": "Nice",
    "paris sg": "PSG",
    "paris saint-germain": "PSG",
    "paris saint germain": "PSG",
    "psg": "PSG",
    "reims": "Reims",
    "rennes": "Rennes",
    "strasbourg": "Strasbourg",
    "toulouse": "Toulouse"
  },
  "Primeira Liga": {
    "arouca": "Arouca",
    "avs": "AVS",
    "benfica": "Benfica",
    "sl benfica": "Benfica",
    "boavista": "Boavista",
    "braga": "Braga",
    "sc braga": "Braga",
    "sporting braga": "Braga",
    "casa pia": "Casa Pia",
    "estoril": "Estoril",
    "famalicao": "Famalicao",
    "farense": "Farense",
    "gil vicente": "Gil Vicente",
    "moreirense": "Moreirense",
    "nacional": "Nacional",
    "porto": "Porto",
    "fc porto": "Porto",
    "rio ave": "Rio Ave",
    "santa clara": "Santa Clara",
    "sporting": "Sporting CP",
    "sporting lisbon": "Sporting CP",
    "sporting clube de portugal": "Sporting CP",
    "sporting cp": "Sporting CP",
    "vitoria sc": "Vitoria Guimaraes",
    "vitória sc": "Vitoria Guimaraes",
    "vitoria guimaraes": "Vitoria Guimaraes",
    "vitoria guimarães": "Vitoria Guimaraes"
  }
}
